Address,Module Name,Module
43C00000,PIWARW_AXI_0,PIWARW_AXI
43C10000,ABTODQ_AXI_0,ABTODQ_AXI
43C20000,PIWARW_AXI_1,PIWARW_AXI
43C30000,CLKTRF_AXI_0,CLKTRF_AXI
43C40000,SV3PWM_AXI_0,SV3PWM_AXI
43C50000,AD8330_AXI_0,AD8330_AXI
43C60000,DQTOAB_AXI_0,DQTOAB_AXI
43C70000,BIQIIR_AXI_0,BIQIIR_AXI
43C80000,ENCRES_AXI_0,ENCRES_AXI
43C90000,SPOPLL_AXI_0,SPOPLL_AXI
43CA0000,PMSMSEQC_AXI_0,PMSMSEQC_AXI
43CB0000,FAULTED_AXI_0,FAULTED_AXI
43CC0000,CC3PSEQC_AXI_0,CC3PSEQC_AXI
43CD0000,SOPCSEQC_AXI_0,SOPCSEQC_AXI
43CE0000,PIWARW_AXI_2,PIWARW_AXI
43CF0000,PIWARW_AXI_3,PIWARW_AXI
46000000,SELECTOR_AXI_0,selector